,lead_id,lead_indicator,date_part,source,customer_group,onboarding,customer_code
0,2,0.0,2024-01-06,signup,5.0,True,None
1,10,,,,,,
2,13,,,,,,
3,17,,,,,,
4,19,,,,,,
5,22,,,,,,
6,27,,,,,,
7,28,,,,,,
8,29,,,,,,
9,30,,,,,,
10,32,,,,,,
11,33,,,,,,
12,36,,,,,,
13,38,,,,,,
14,40,,,,,,
15,41,,,,,,
16,43,,,,,,
17,44,,,,,,
18,49,,,,,,
19,55,,,,,,
20,57,,,,,,
21,58,,,,,,
22,61,,,,,,
23,68,,,,,,
24,72,,,,,,
25,87,,,,,,
26,88,,,,,,
27,93,,,,,,
28,95,,,,,,
29,97,,,,,,
30,104,,,,,,
31,107,,,,,,
32,109,,,,,,
33,110,,,,,,
34,112,,,,,,
35,116,,,,,,
36,126,,,,,,
37,130,,,,,,
38,133,,,,,,
39,141,,,,,,
40,142,,,,,,
41,146,,,,,,
42,148,,,,,,
43,152,,,,,,
44,160,,,,,,
45,167,,,,,,
46,169,,,,,,
47,183,,,,,,
48,185,,,,,,
49,186,,,,,,
50,188,,,,,,
51,189,,,,,,
52,190,,,,,,
53,191,,,,,,
54,194,,,,,,
55,197,,,,,,
56,200,,,,,,
57,204,,,,,,
58,211,,,,,,
59,212,,,,,,
60,213,,,,,,
61,214,,,,,,
62,215,,,,,,
63,221,,,,,,
64,227,,,,,,
65,230,,,,,,
66,234,,,,,,
67,235,,,,,,
68,240,,,,,,
69,246,,,,,,
70,250,,,,,,
71,252,,,,,,
72,253,,,,,,
73,256,,,,,,
74,259,,,,,,
75,267,,,,,,
76,268,,,,,,
77,270,,,,,,
78,272,,,,,,
79,275,,,,,,
80,276,,,,,,
81,279,,,,,,
82,281,,,,,,
83,286,,,,,,
84,293,,,,,,
85,301,,,,,,
86,306,,,,,,
87,314,,,,,,
88,316,,,,,,
89,320,,,,,,
90,321,,,,,,
91,326,,,,,,
92,327,,,,,,
93,338,,,,,,
94,345,,,,,,
95,347,,,,,,
96,349,,,,,,
97,352,,,,,,
98,353,,,,,,
99,360,,,,,,
100,362,,,,,,
101,367,,,,,,
102,370,,,,,,
103,373,,,,,,
104,374,,,,,,
105,382,,,,,,
106,385,,,,,,
107,388,,,,,,
108,391,,,,,,
109,400,,,,,,
110,401,,,,,,
111,404,,,,,,
112,406,,,,,,
113,419,,,,,,
114,423,,,,,,
115,426,,,,,,
116,427,,,,,,
117,430,,,,,,
118,432,,,,,,
119,436,,,,,,
120,438,,,,,,
121,445,,,,,,
122,449,,,,,,
123,451,,,,,,
124,452,,,,,,
125,459,,,,,,
126,463,,,,,,
127,501,,,,,,
128,505,,,,,,
129,512,,,,,,
130,519,,,,,,
131,523,,,,,,
132,525,,,,,,
133,526,,,,,,
134,527,,,,,,
135,528,,,,,,
136,530,,,,,,
137,533,,,,,,
138,534,,,,,,
139,537,,,,,,
140,539,,,,,,
141,557,,,,,,
142,558,,,,,,
143,566,,,,,,
144,575,,,,,,
145,576,,,,,,
146,580,,,,,,
147,582,,,,,,
148,592,,,,,,
149,593,,,,,,
150,598,,,,,,
151,599,,,,,,
152,602,,,,,,
153,605,,,,,,
154,611,,,,,,
155,614,,,,,,
156,616,,,,,,
157,619,,,,,,
158,624,,,,,,
159,625,,,,,,
160,627,,,,,,
161,632,,,,,,
162,640,,,,,,
163,642,,,,,,
164,643,,,,,,
165,654,,,,,,
166,658,,,,,,
167,671,,,,,,
168,690,,,,,,
169,698,,,,,,
170,704,,,,,,
171,706,,,,,,
172,708,,,,,,
173,710,,,,,,
174,715,,,,,,
175,718,,,,,,
176,720,,,,,,
177,723,,,,,,
178,737,,,,,,
179,740,,,,,,
180,741,,,,,,
181,745,,,,,,
182,758,,,,,,
183,759,,,,,,
184,762,,,,,,
185,771,,,,,,
186,774,,,,,,
187,776,,,,,,
188,779,,,,,,
189,781,,,,,,
190,786,,,,,,
191,789,,,,,,
192,791,,,,,,
193,794,,,,,,
194,797,,,,,,
195,802,,,,,,
196,807,,,,,,
197,813,,,,,,
198,816,,,,,,
199,821,,,,,,
200,831,,,,,,
201,835,,,,,,
202,836,,,,,,
203,838,,,,,,
204,839,,,,,,
205,842,,,,,,
206,850,,,,,,
207,860,,,,,,
208,865,,,,,,
209,866,,,,,,
210,870,,,,,,
211,880,,,,,,
212,883,,,,,,
213,888,,,,,,
214,890,,,,,,
215,892,,,,,,
216,893,,,,,,
217,895,,,,,,
218,900,,,,,,
219,915,,,,,,
220,919,,,,,,
221,921,,,,,,
222,923,,,,,,
223,926,,,,,,
224,927,,,,,,
225,928,,,,,,
226,929,,,,,,
227,934,,,,,,
228,940,,,,,,
229,941,,,,,,
230,943,,,,,,
231,944,,,,,,
232,945,,,,,,
233,946,,,,,,
234,949,,,,,,
235,952,,,,,,
236,957,,,,,,
237,958,,,,,,
238,960,,,,,,
239,969,,,,,,
240,970,,,,,,
241,973,,,,,,
242,974,,,,,,
243,983,,,,,,
244,988,,,,,,
245,993,,,,,,
246,995,,,,,,
247,997,,,,,,
248,999,,,,,,
249,1004,,,,,,
250,1008,,,,,,
251,1009,,,,,,
252,1028,,,,,,
253,1036,,,,,,
254,1038,,,,,,
255,1052,,,,,,
256,1057,,,,,,
257,1058,,,,,,
258,1062,,,,,,
259,1063,,,,,,
260,1065,,,,,,
261,1068,,,,,,
262,1070,,,,,,
263,1082,,,,,,
264,1087,,,,,,
265,1091,,,,,,
266,1092,,,,,,
267,1093,,,,,,
268,1095,,,,,,
269,1115,,,,,,
270,1117,,,,,,
271,1122,,,,,,
272,1123,,,,,,
273,1126,,,,,,
274,1127,,,,,,
275,1134,,,,,,
276,1135,,,,,,
277,1142,,,,,,
278,1143,,,,,,
279,1151,,,,,,
280,1157,,,,,,
281,1169,,,,,,
282,1174,,,,,,
283,1176,,,,,,
284,1194,,,,,,
285,1199,,,,,,
286,1200,,,,,,
287,1201,,,,,,
288,1202,,,,,,
289,1217,,,,,,
290,1233,,,,,,
291,1237,,,,,,
292,1241,,,,,,
293,1248,,,,,,
294,1258,,,,,,
295,1261,,,,,,
296,1266,,,,,,
297,1269,,,,,,
298,1270,,,,,,
299,1281,,,,,,
300,1285,,,,,,
301,1289,,,,,,
302,1290,,,,,,
303,1291,,,,,,
304,1292,,,,,,
305,1297,,,,,,
306,1300,,,,,,
307,1302,,,,,,
308,1304,,,,,,
309,1305,,,,,,
310,1306,,,,,,
311,1311,,,,,,
312,1313,,,,,,
313,1315,,,,,,
314,1317,,,,,,
315,1322,,,,,,
316,1325,,,,,,
317,1331,,,,,,
318,1336,,,,,,
319,1340,,,,,,
320,1344,,,,,,
321,1345,,,,,,
322,1360,,,,,,
323,1363,,,,,,
324,1368,,,,,,
325,1383,,,,,,
326,1385,,,,,,
327,1386,,,,,,
328,1395,,,,,,
329,1397,,,,,,
330,1398,,,,,,
331,1399,,,,,,
332,1400,,,,,,
333,1401,,,,,,
334,1411,,,,,,
335,1414,,,,,,
336,1416,,,,,,
337,1417,,,,,,
338,1419,,,,,,
339,1429,,,,,,
340,1430,,,,,,
341,1436,,,,,,
342,1443,,,,,,
343,1444,,,,,,
344,1453,,,,,,
345,1458,,,,,,
346,1468,,,,,,
347,1474,,,,,,
348,1480,,,,,,
349,1489,,,,,,
350,1492,,,,,,
351,1493,,,,,,
352,1496,,,,,,
353,1500,,,,,,
354,1501,,,,,,
355,1502,,,,,,
356,1506,,,,,,
357,1513,,,,,,
358,1514,,,,,,
359,1516,,,,,,
360,1518,,,,,,
361,1521,,,,,,
362,1523,,,,,,
363,1524,,,,,,
364,1526,,,,,,
365,1528,,,,,,
366,1529,,,,,,
367,1532,,,,,,
368,1537,,,,,,
369,1539,,,,,,
370,1543,,,,,,
371,1546,,,,,,
372,1547,,,,,,
373,1549,,,,,,
374,1553,,,,,,
375,1560,,,,,,
376,1561,,,,,,
377,1562,,,,,,
378,1564,,,,,,
379,1579,,,,,,
380,1580,,,,,,
381,1583,,,,,,
382,1588,,,,,,
383,1596,,,,,,
384,1598,,,,,,
385,1615,,,,,,
386,1618,,,,,,
387,1622,,,,,,
388,1627,,,,,,
389,1629,,,,,,
390,1631,,,,,,
391,1632,,,,,,
392,1636,,,,,,
393,1642,,,,,,
394,1647,,,,,,
395,1653,,,,,,
396,1656,,,,,,
397,1657,,,,,,
398,1661,,,,,,
399,1663,,,,,,
400,1672,,,,,,
401,1675,,,,,,
402,1677,,,,,,
403,1678,,,,,,
404,1682,,,,,,
405,1685,,,,,,
406,1688,,,,,,
407,1704,,,,,,
408,1706,,,,,,
409,1709,,,,,,
410,1713,,,,,,
411,1722,,,,,,
412,1723,,,,,,
413,1731,,,,,,
414,1735,,,,,,
415,1739,,,,,,
416,1740,,,,,,
417,1741,,,,,,
418,1744,,,,,,
419,1747,,,,,,
420,1750,,,,,,
421,1758,,,,,,
422,1761,,,,,,
423,1764,,,,,,
424,1768,,,,,,
425,1772,,,,,,
426,1776,,,,,,
427,1777,,,,,,
428,1778,,,,,,
429,1782,,,,,,
430,1784,,,,,,
431,1787,,,,,,
432,1805,,,,,,
433,1809,,,,,,
434,1811,,,,,,
435,1812,,,,,,
436,1818,,,,,,
437,1819,,,,,,
438,1823,,,,,,
439,1825,,,,,,
440,1828,,,,,,
441,1829,,,,,,
442,1831,,,,,,
443,1837,,,,,,
444,1838,,,,,,
445,1842,,,,,,
446,1856,,,,,,
447,1858,,,,,,
448,1859,,,,,,
449,1867,,,,,,
450,1869,,,,,,
451,1877,,,,,,
452,1891,,,,,,
453,1893,,,,,,
454,1896,,,,,,
455,1899,,,,,,
456,1900,,,,,,
457,1901,,,,,,
458,1902,,,,,,
459,1913,,,,,,
460,1918,,,,,,
461,1919,,,,,,
462,1920,,,,,,
463,1931,,,,,,
464,1933,,,,,,
465,1938,,,,,,
466,1939,,,,,,
467,1940,,,,,,
468,1943,,,,,,
469,1944,,,,,,
470,1949,,,,,,
471,1962,,,,,,
472,1964,,,,,,
473,1966,,,,,,
474,1987,,,,,,
475,1989,,,,,,
476,2013,,,,,,
477,2015,,,,,,
478,2019,,,,,,
479,2024,,,,,,
480,2026,,,,,,
481,2043,,,,,,
482,2046,,,,,,
483,2054,,,,,,
484,2059,,,,,,
485,2062,,,,,,
486,2064,,,,,,
487,2070,,,,,,
488,2072,,,,,,
489,2073,,,,,,
490,2074,,,,,,
491,2089,,,,,,
492,2104,,,,,,
493,2107,,,,,,
494,2108,,,,,,
495,2110,,,,,,
496,2111,,,,,,
497,2112,,,,,,
498,2114,,,,,,
499,2115,,,,,,
500,2121,,,,,,
501,2123,,,,,,
502,2134,,,,,,
503,2138,,,,,,
504,2141,,,,,,
505,2149,,,,,,
506,2150,,,,,,
507,2153,,,,,,
508,2156,,,,,,
509,2159,,,,,,
510,2171,,,,,,
511,2172,,,,,,
512,2175,,,,,,
513,2181,,,,,,
514,2186,,,,,,
515,2191,,,,,,
516,2192,,,,,,
517,2194,,,,,,
518,2199,,,,,,
519,2206,,,,,,
520,2215,,,,,,
521,2217,,,,,,
522,2235,,,,,,
523,2237,,,,,,
524,2250,,,,,,
525,2256,,,,,,
526,2257,,,,,,
527,2268,,,,,,
528,2276,,,,,,
529,2279,,,,,,
530,2289,,,,,,
531,2290,,,,,,
532,2295,,,,,,
533,2296,,,,,,
534,2297,,,,,,
535,2310,,,,,,
536,2316,,,,,,
537,2317,,,,,,
538,2321,,,,,,
539,2329,,,,,,
540,2330,,,,,,
541,2334,,,,,,
542,2335,,,,,,
543,2338,,,,,,
544,2339,,,,,,
545,2343,,,,,,
546,2365,,,,,,
547,2366,,,,,,
548,2369,,,,,,
549,2374,,,,,,
550,2376,,,,,,
551,2378,,,,,,
552,2380,,,,,,
553,2382,,,,,,
554,2384,,,,,,
555,2392,,,,,,
556,2402,,,,,,
557,2405,,,,,,
558,2416,,,,,,
559,2422,,,,,,
560,2424,,,,,,
561,2426,,,,,,
562,2433,,,,,,
563,2436,,,,,,
564,2438,,,,,,
565,2443,,,,,,
566,2444,,,,,,
567,2446,,,,,,
568,2447,,,,,,
569,2449,,,,,,
570,2452,,,,,,
571,2455,,,,,,
572,2459,,,,,,
573,2464,,,,,,
574,2469,,,,,,
575,2474,,,,,,
576,2478,,,,,,
577,2482,,,,,,
578,2489,,,,,,
579,2504,,,,,,
580,2508,,,,,,
581,2509,,,,,,
582,2514,,,,,,
583,2516,,,,,,
584,2518,,,,,,
585,2520,,,,,,
586,2532,,,,,,
587,2535,,,,,,
588,2545,,,,,,
589,2546,,,,,,
590,2553,,,,,,
591,2554,,,,,,
592,2558,,,,,,
593,2560,,,,,,
594,2566,,,,,,
595,2567,,,,,,
596,2575,,,,,,
597,2581,,,,,,
598,2582,,,,,,
599,2584,,,,,,
600,2587,,,,,,
601,2590,,,,,,
602,2591,,,,,,
603,2594,,,,,,
604,2596,,,,,,
605,2598,,,,,,
606,2601,,,,,,
607,2608,,,,,,
608,2610,,,,,,
609,2616,,,,,,
610,2617,,,,,,
611,2623,,,,,,
612,2627,,,,,,
613,2628,,,,,,
614,2629,,,,,,
615,2630,,,,,,
616,2637,,,,,,
617,2640,,,,,,
618,2641,,,,,,
619,2644,,,,,,
620,2662,,,,,,
621,2667,,,,,,
622,2668,,,,,,
623,2669,,,,,,
624,2673,,,,,,
625,2674,,,,,,
626,2678,,,,,,
627,2679,,,,,,
628,2688,,,,,,
629,2692,,,,,,
630,2693,,,,,,
631,2698,,,,,,
632,2704,,,,,,
633,2707,,,,,,
634,2714,,,,,,
635,2720,,,,,,
636,2721,,,,,,
637,2723,,,,,,
638,2728,,,,,,
639,2729,,,,,,
640,2730,,,,,,
641,2734,,,,,,
642,2735,,,,,,
643,2739,,,,,,
644,2740,,,,,,
645,2745,,,,,,
646,2747,,,,,,
647,2751,,,,,,
648,2753,,,,,,
649,2758,,,,,,
650,2763,,,,,,
651,2771,,,,,,
652,2784,,,,,,
653,2787,,,,,,
654,2804,,,,,,
655,2807,,,,,,
656,2817,,,,,,
657,2818,,,,,,
658,2824,,,,,,
659,2829,,,,,,
660,2831,,,,,,
661,2832,,,,,,
662,2833,,,,,,
663,2850,,,,,,
664,2857,,,,,,
665,2859,,,,,,
666,2867,,,,,,
667,2870,,,,,,
668,2871,,,,,,
669,2872,,,,,,
670,2875,,,,,,
671,2876,,,,,,
672,2877,,,,,,
673,2879,,,,,,
674,2880,,,,,,
675,2882,,,,,,
676,2883,,,,,,
677,2886,,,,,,
678,2887,,,,,,
679,2890,,,,,,
680,2892,,,,,,
681,2896,,,,,,
682,2898,,,,,,
683,2903,,,,,,
684,2911,,,,,,
685,2914,,,,,,
686,2916,,,,,,
687,2918,,,,,,
688,2919,,,,,,
689,2920,,,,,,
690,2922,,,,,,
691,2923,,,,,,
692,2924,,,,,,
693,2925,,,,,,
694,2934,,,,,,
695,2940,,,,,,
696,2953,,,,,,
697,2956,,,,,,
698,2958,,,,,,
699,2971,,,,,,
700,2973,,,,,,
701,2977,,,,,,
702,2983,,,,,,
703,2986,,,,,,
704,2987,,,,,,
705,2990,,,,,,
706,2997,,,,,,
707,2998,,,,,,
708,3000,,,,,,
709,3003,,,,,,
710,3008,,,,,,
711,3009,,,,,,
712,3012,,,,,,
713,3014,,,,,,
714,3017,,,,,,
715,3020,,,,,,
716,3023,,,,,,
717,3024,,,,,,
718,3028,,,,,,
719,3031,,,,,,
720,3032,,,,,,
721,3034,,,,,,
722,3036,,,,,,
723,3038,,,,,,
724,3040,,,,,,
725,3042,,,,,,
726,3044,,,,,,
727,3045,,,,,,
728,3049,,,,,,
729,3050,,,,,,
730,3053,,,,,,
731,3060,,,,,,
732,3064,,,,,,
733,3065,,,,,,
734,3069,,,,,,
735,3078,,,,,,
736,3083,,,,,,
737,3092,,,,,,
738,3094,,,,,,
739,3097,,,,,,
740,3103,,,,,,
741,3106,,,,,,
742,3114,,,,,,
743,3117,,,,,,
744,3118,,,,,,
745,3119,,,,,,
746,3120,,,,,,
747,3124,,,,,,
748,3129,,,,,,
749,3133,,,,,,
750,3135,,,,,,
751,3136,,,,,,
752,3137,,,,,,
753,3138,,,,,,
754,3144,,,,,,
755,3146,,,,,,
756,3147,,,,,,
757,3158,,,,,,
758,3171,,,,,,
759,3173,,,,,,
760,3177,,,,,,
761,3188,,,,,,
762,3191,,,,,,
763,3195,,,,,,
764,3198,,,,,,
765,3200,,,,,,
766,3209,,,,,,
767,3214,,,,,,
768,3215,,,,,,
769,3216,,,,,,
770,3221,,,,,,
771,3224,,,,,,
772,3231,,,,,,
773,3234,,,,,,
774,3258,,,,,,
775,3260,,,,,,
776,3262,,,,,,
777,3266,,,,,,
778,3267,,,,,,
779,3268,,,,,,
780,3270,,,,,,
781,3271,,,,,,
782,3272,,,,,,
783,3277,,,,,,
784,3278,,,,,,
785,3282,,,,,,
786,3284,,,,,,
787,3285,,,,,,
788,3286,,,,,,
789,3296,,,,,,
790,3305,,,,,,
791,3321,,,,,,
792,3323,,,,,,
793,3325,,,,,,
794,3326,,,,,,
795,3331,,,,,,
796,3334,,,,,,
797,3350,,,,,,
798,3356,,,,,,
799,3363,,,,,,
800,3369,,,,,,
801,3373,,,,,,
802,3374,,,,,,
803,3382,,,,,,
804,3384,,,,,,
805,3385,,,,,,
806,3389,,,,,,
807,3392,,,,,,
808,3393,,,,,,
809,3398,,,,,,
810,3409,,,,,,
811,3410,,,,,,
812,3414,,,,,,
813,3415,,,,,,
814,3422,,,,,,
815,3424,,,,,,
816,3425,,,,,,
817,3429,,,,,,
818,3439,,,,,,
819,3440,,,,,,
820,3448,,,,,,
821,3453,,,,,,
822,3461,,,,,,
823,3462,,,,,,
824,3463,,,,,,
825,3470,,,,,,
826,3478,,,,,,
827,3479,,,,,,
828,3483,,,,,,
829,3485,,,,,,
830,3491,,,,,,
831,3495,,,,,,
832,3496,,,,,,
833,3499,,,,,,
834,3504,,,,,,
835,3515,,,,,,
836,3518,,,,,,
837,3523,,,,,,
838,3532,,,,,,
839,3538,,,,,,
840,3542,,,,,,
841,3544,,,,,,
842,3546,,,,,,
843,3548,,,,,,
844,3554,,,,,,
845,3564,,,,,,
846,3570,,,,,,
847,3571,,,,,,
848,3572,,,,,,
849,3575,,,,,,
850,3579,,,,,,
851,3584,,,,,,
852,3596,,,,,,
853,3603,,,,,,
854,3611,,,,,,
855,3613,,,,,,
856,3615,,,,,,
857,3621,,,,,,
858,3622,,,,,,
859,3624,,,,,,
860,3625,,,,,,
861,3628,,,,,,
862,3631,,,,,,
863,3638,,,,,,
864,3641,,,,,,
865,3647,,,,,,
866,3651,,,,,,
867,3652,,,,,,
868,3655,,,,,,
869,3661,,,,,,
870,3672,,,,,,
871,3675,,,,,,
872,3677,,,,,,
873,3678,,,,,,
874,3679,,,,,,
875,3682,,,,,,
876,3692,,,,,,
877,3693,,,,,,
878,3695,,,,,,
879,3702,,,,,,
880,3703,,,,,,
881,3705,,,,,,
882,3707,,,,,,
883,3711,,,,,,
884,3713,,,,,,
885,3717,,,,,,
886,3721,,,,,,
887,3722,,,,,,
888,3724,,,,,,
889,3726,,,,,,
890,3729,,,,,,
891,3730,,,,,,
892,3734,,,,,,
893,3735,,,,,,
894,3736,,,,,,
895,3743,,,,,,
896,3747,,,,,,
897,3749,,,,,,
898,3765,,,,,,
899,3768,,,,,,
900,3770,,,,,,
901,3791,,,,,,
902,3792,,,,,,
903,3794,,,,,,
904,3795,,,,,,
905,3809,,,,,,
906,3815,,,,,,
907,3817,,,,,,
908,3822,,,,,,
909,3827,,,,,,
910,3828,,,,,,
911,3831,,,,,,
912,3836,,,,,,
913,3839,,,,,,
914,3841,,,,,,
915,3842,,,,,,
916,3851,,,,,,
917,3853,,,,,,
918,3854,,,,,,
919,3855,,,,,,
920,3857,,,,,,
921,3862,,,,,,
922,3863,,,,,,
923,3864,,,,,,
924,3866,,,,,,
925,3876,,,,,,
926,3877,,,,,,
927,3885,,,,,,
928,3887,,,,,,
929,3890,,,,,,
930,3899,,,,,,
931,3900,,,,,,
932,3906,,,,,,
933,3907,,,,,,
934,3908,,,,,,
935,3911,,,,,,
936,3912,,,,,,
937,3919,,,,,,
938,3921,,,,,,
939,3927,,,,,,
940,3928,,,,,,
941,3938,,,,,,
942,3948,,,,,,
943,3954,,,,,,
944,3958,,,,,,
945,3964,,,,,,
946,3967,,,,,,
947,3971,,,,,,
948,3974,,,,,,
949,3977,,,,,,
950,3979,,,,,,
951,3982,,,,,,
952,3983,,,,,,
953,3989,,,,,,
954,3995,,,,,,
955,4000,,,,,,
956,4005,,,,,,
957,4010,,,,,,
958,4015,,,,,,
959,4016,,,,,,
960,4022,,,,,,
961,4024,,,,,,
962,4030,,,,,,
963,4037,,,,,,
964,4038,,,,,,
965,4042,,,,,,
966,4047,,,,,,
967,4048,,,,,,
968,4071,,,,,,
969,4075,,,,,,
970,4076,,,,,,
971,4077,,,,,,
972,4079,,,,,,
973,4088,,,,,,
974,4096,,,,,,
975,4098,,,,,,
976,4103,,,,,,
977,4104,,,,,,
978,4109,,,,,,
979,4115,,,,,,
980,4117,,,,,,
981,4121,,,,,,
982,4122,,,,,,
983,4126,,,,,,
984,4136,,,,,,
985,4142,,,,,,
986,4146,,,,,,
987,4151,,,,,,
988,4154,,,,,,
989,4157,,,,,,
990,4160,,,,,,
991,4162,,,,,,
992,4165,,,,,,
993,4166,,,,,,
994,4167,,,,,,
995,4169,,,,,,
996,4170,,,,,,
997,4176,,,,,,
998,4177,,,,,,
999,4185,,,,,,
1000,4190,,,,,,
1001,4196,,,,,,
1002,4199,,,,,,
1003,4200,,,,,,
1004,4204,,,,,,
1005,4205,,,,,,
1006,4206,,,,,,
1007,4208,,,,,,
1008,4209,,,,,,
1009,4213,,,,,,
1010,4216,,,,,,
1011,4225,,,,,,
1012,4240,,,,,,
1013,4244,,,,,,
1014,4247,,,,,,
1015,4252,,,,,,
1016,4253,,,,,,
1017,4268,,,,,,
1018,4270,,,,,,
1019,4282,,,,,,
1020,4286,,,,,,
1021,4288,,,,,,
1022,4297,,,,,,
1023,4299,,,,,,
1024,4305,,,,,,
1025,4306,,,,,,
1026,4308,,,,,,
1027,4316,,,,,,
1028,4321,,,,,,
1029,4322,,,,,,
1030,4326,,,,,,
1031,4328,,,,,,
1032,4329,,,,,,
1033,4338,,,,,,
1034,4339,,,,,,
1035,4340,,,,,,
1036,4342,,,,,,
1037,4346,,,,,,
1038,4348,,,,,,
1039,4356,,,,,,
1040,4358,,,,,,
1041,4362,,,,,,
1042,4363,,,,,,
1043,4364,,,,,,
1044,4370,,,,,,
1045,4371,,,,,,
1046,4375,,,,,,
1047,4382,,,,,,
1048,4383,,,,,,
1049,4388,,,,,,
1050,4389,,,,,,
1051,4390,,,,,,
1052,4392,,,,,,
1053,4401,,,,,,
1054,4403,,,,,,
1055,4409,,,,,,
1056,4410,,,,,,
1057,4414,,,,,,
1058,4415,,,,,,
1059,4418,,,,,,
1060,4420,,,,,,
1061,4423,,,,,,
1062,4429,,,,,,
1063,4431,,,,,,
1064,4433,,,,,,
1065,4439,,,,,,
1066,4442,,,,,,
1067,4444,,,,,,
1068,4448,,,,,,
1069,4449,,,,,,
1070,4451,,,,,,
1071,4457,,,,,,
1072,4458,,,,,,
1073,4459,,,,,,
1074,4465,,,,,,
1075,4472,,,,,,
1076,4474,,,,,,
1077,4475,,,,,,
1078,4478,,,,,,
1079,4481,,,,,,
1080,4482,,,,,,
1081,4484,,,,,,
1082,4489,,,,,,
1083,4490,,,,,,
1084,4493,,,,,,
1085,4497,,,,,,
1086,4499,,,,,,
1087,4502,,,,,,
1088,4505,,,,,,
1089,4508,,,,,,
1090,4509,,,,,,
1091,4511,,,,,,
1092,4516,,,,,,
1093,4518,,,,,,
1094,4521,,,,,,
1095,4522,,,,,,
1096,4526,,,,,,
1097,4535,,,,,,
1098,4545,,,,,,
1099,4553,,,,,,
1100,4558,,,,,,
1101,4562,,,,,,
1102,4567,,,,,,
1103,4569,,,,,,
1104,4571,,,,,,
1105,4577,,,,,,
1106,4579,,,,,,
1107,4586,,,,,,
1108,4589,,,,,,
1109,4605,,,,,,
1110,4610,,,,,,
1111,4611,,,,,,
1112,4614,,,,,,
1113,4615,,,,,,
1114,4624,,,,,,
1115,4640,,,,,,
1116,4641,,,,,,
1117,4642,,,,,,
1118,4650,,,,,,
1119,4653,,,,,,
1120,4661,,,,,,
1121,4663,,,,,,
1122,4666,,,,,,
1123,4672,,,,,,
1124,4674,,,,,,
1125,4676,,,,,,
1126,4679,,,,,,
1127,4680,,,,,,
1128,4681,,,,,,
1129,4683,,,,,,
1130,4704,,,,,,
1131,4707,,,,,,
1132,4710,,,,,,
1133,4716,,,,,,
1134,4718,,,,,,
1135,4721,,,,,,
1136,4722,,,,,,
1137,4726,,,,,,
1138,4730,,,,,,
1139,4734,,,,,,
1140,4744,,,,,,
1141,4745,,,,,,
1142,4748,,,,,,
1143,4753,,,,,,
1144,4758,,,,,,
1145,4762,,,,,,
1146,4763,,,,,,
1147,4772,,,,,,
1148,4779,,,,,,
1149,4786,,,,,,
1150,4787,,,,,,
1151,4788,,,,,,
1152,4792,,,,,,
1153,4799,,,,,,
1154,4803,,,,,,
1155,4805,,,,,,
1156,4808,,,,,,
1157,4810,,,,,,
1158,4812,,,,,,
1159,4814,,,,,,
1160,4815,,,,,,
1161,4817,,,,,,
1162,4818,,,,,,
1163,4820,,,,,,
1164,4821,,,,,,
1165,4824,,,,,,
1166,4830,,,,,,
1167,4833,,,,,,
1168,4836,,,,,,
1169,4842,,,,,,
1170,4843,,,,,,
1171,4847,,,,,,
1172,4855,,,,,,
1173,4856,,,,,,
1174,4857,,,,,,
1175,4860,,,,,,
1176,4862,,,,,,
1177,4869,,,,,,
1178,4875,,,,,,
1179,4876,,,,,,
1180,4880,,,,,,
1181,4883,,,,,,
1182,4884,,,,,,
1183,4885,,,,,,
1184,4905,,,,,,
1185,4908,,,,,,
1186,4909,,,,,,
1187,4919,,,,,,
1188,4922,,,,,,
1189,4925,,,,,,
1190,4940,,,,,,
1191,4942,,,,,,
1192,4945,,,,,,
1193,4949,,,,,,
1194,4951,,,,,,
1195,4961,,,,,,
1196,4962,,,,,,
1197,4963,,,,,,
1198,4964,,,,,,
1199,4967,,,,,,
1200,4969,,,,,,
1201,4970,,,,,,
1202,4973,,,,,,
1203,4982,,,,,,
1204,4983,,,,,,
1205,4987,,,,,,
1206,4989,,,,,,
1207,4995,,,,,,
1208,4998,,,,,,
1209,5000,,,,,,
1210,5005,,,,,,
1211,5008,,,,,,
1212,5009,,,,,,
1213,5013,,,,,,
1214,5014,,,,,,
1215,5020,,,,,,
1216,5023,,,,,,
1217,5024,,,,,,
1218,5026,,,,,,
1219,5035,,,,,,
1220,5039,,,,,,
1221,5040,,,,,,
1222,5041,,,,,,
1223,5043,,,,,,
1224,5047,,,,,,
1225,5048,,,,,,
1226,5049,,,,,,
1227,5051,,,,,,
1228,5054,,,,,,
1229,5065,,,,,,
1230,5081,,,,,,
1231,5083,,,,,,
1232,5089,,,,,,
1233,5093,,,,,,
1234,5099,,,,,,
1235,5102,,,,,,
1236,5105,,,,,,
1237,5106,,,,,,
1238,5113,,,,,,
1239,5120,,,,,,
1240,5121,,,,,,
1241,5122,,,,,,
1242,5125,,,,,,
1243,5135,,,,,,
1244,5137,,,,,,
1245,5139,,,,,,
1246,5141,,,,,,
1247,5145,,,,,,
1248,5149,,,,,,
1249,5151,,,,,,
1250,5163,,,,,,
1251,5166,,,,,,
1252,5172,,,,,,
1253,5174,,,,,,
1254,5175,,,,,,
1255,5178,,,,,,
1256,5183,,,,,,
1257,5184,,,,,,
1258,5187,,,,,,
1259,5189,,,,,,
1260,5190,,,,,,
1261,5193,,,,,,
1262,5199,,,,,,
1263,5202,,,,,,
1264,5208,,,,,,
1265,5211,,,,,,
1266,5214,,,,,,
1267,5217,,,,,,
1268,5222,,,,,,
1269,5223,,,,,,
1270,5225,,,,,,
1271,5237,,,,,,
1272,5242,,,,,,
1273,5247,,,,,,
1274,5253,,,,,,
1275,5262,,,,,,
1276,5267,,,,,,
1277,5276,,,,,,
1278,5283,,,,,,
1279,5289,,,,,,
1280,5290,,,,,,
1281,5291,,,,,,
1282,5296,,,,,,
1283,5302,,,,,,
1284,5305,,,,,,
1285,5306,,,,,,
1286,5309,,,,,,
1287,5310,,,,,,
1288,5314,,,,,,
1289,5315,,,,,,
1290,5319,,,,,,
1291,5327,,,,,,
1292,5328,,,,,,
1293,5335,,,,,,
1294,5337,,,,,,
1295,5342,,,,,,
1296,5347,,,,,,
1297,5349,,,,,,
1298,5352,,,,,,
1299,5363,,,,,,
1300,5370,,,,,,
1301,5372,,,,,,
1302,5385,,,,,,
1303,5392,,,,,,
1304,5396,,,,,,
1305,5400,,,,,,
1306,5403,,,,,,
1307,5404,,,,,,
1308,5420,,,,,,
1309,5424,,,,,,
1310,5428,,,,,,
1311,5430,,,,,,
1312,5434,,,,,,
1313,5437,,,,,,
1314,5438,,,,,,
1315,5449,,,,,,
1316,5457,,,,,,
1317,5466,,,,,,
1318,5472,,,,,,
1319,5478,,,,,,
1320,5480,,,,,,
1321,5488,,,,,,
1322,5497,,,,,,
1323,5500,,,,,,
1324,5502,,,,,,
1325,5505,,,,,,
1326,5511,,,,,,
1327,5521,,,,,,
1328,5526,,,,,,
1329,5528,,,,,,
1330,5529,,,,,,
1331,5530,,,,,,
1332,5531,,,,,,
1333,5534,,,,,,
1334,5539,,,,,,
1335,5550,,,,,,
1336,5555,,,,,,
1337,5558,,,,,,
1338,5559,,,,,,
1339,5560,,,,,,
1340,5568,,,,,,
1341,5576,,,,,,
1342,5582,,,,,,
1343,5585,,,,,,
1344,5597,,,,,,
1345,5599,,,,,,
1346,5606,,,,,,
1347,5621,,,,,,
1348,5624,,,,,,
1349,5626,,,,,,
1350,5628,,,,,,
1351,5631,,,,,,
1352,5633,,,,,,
1353,5635,,,,,,
1354,5643,,,,,,
1355,5647,,,,,,
1356,5649,,,,,,
1357,5652,,,,,,
1358,5659,,,,,,
1359,5661,,,,,,
1360,5662,,,,,,
1361,5669,,,,,,
1362,5671,,,,,,
1363,5675,,,,,,
1364,5677,,,,,,
1365,5679,,,,,,
1366,5682,,,,,,
1367,5686,,,,,,
1368,5689,,,,,,
1369,5692,,,,,,
1370,5700,,,,,,
1371,5706,,,,,,
1372,5710,,,,,,
1373,5712,,,,,,
1374,5713,,,,,,
1375,5717,,,,,,
1376,5719,,,,,,
1377,5725,,,,,,
1378,5727,,,,,,
1379,5744,,,,,,
1380,5749,,,,,,
1381,5761,,,,,,
1382,5773,,,,,,
1383,5774,,,,,,
1384,5777,,,,,,
1385,5780,,,,,,
1386,5781,,,,,,
1387,5782,,,,,,
1388,5794,,,,,,
1389,5802,,,,,,
1390,5808,,,,,,
1391,5813,,,,,,
1392,5815,,,,,,
1393,5822,,,,,,
1394,5833,,,,,,
1395,5837,,,,,,
1396,5838,,,,,,
1397,5839,,,,,,
1398,5842,,,,,,
1399,5843,,,,,,
1400,5852,,,,,,
1401,5857,,,,,,
1402,5860,,,,,,
1403,5864,,,,,,
1404,5865,,,,,,
1405,5879,,,,,,
1406,5886,,,,,,
1407,5888,,,,,,
1408,5889,,,,,,
1409,5893,,,,,,
1410,5912,,,,,,
1411,5913,,,,,,
1412,5914,,,,,,
1413,5927,,,,,,
1414,5928,,,,,,
1415,5936,,,,,,
1416,5940,,,,,,
1417,5942,,,,,,
1418,5943,,,,,,
1419,5949,,,,,,
1420,5951,,,,,,
1421,5954,,,,,,
1422,5964,,,,,,
1423,5965,,,,,,
1424,5969,,,,,,
1425,5972,,,,,,
1426,5973,,,,,,
1427,5974,,,,,,
1428,5981,,,,,,
1429,5989,,,,,,
1430,5995,,,,,,
1431,5999,,,,,,
1432,6000,,,,,,
1433,6004,,,,,,
1434,6010,,,,,,
1435,6022,,,,,,
1436,6026,,,,,,
1437,6027,,,,,,
1438,6031,,,,,,
1439,6034,,,,,,
1440,6042,,,,,,
1441,6043,,,,,,
1442,6045,,,,,,
1443,6053,,,,,,
1444,6057,,,,,,
1445,6076,,,,,,
1446,6080,,,,,,
1447,6085,,,,,,
1448,6086,,,,,,
1449,6090,,,,,,
1450,6093,,,,,,
1451,6094,,,,,,
1452,6095,,,,,,
1453,6096,,,,,,
1454,6101,,,,,,
1455,6104,,,,,,
1456,6107,,,,,,
1457,6111,,,,,,
1458,6116,,,,,,
1459,6119,,,,,,
1460,6124,,,,,,
1461,6128,,,,,,
1462,6130,,,,,,
1463,6131,,,,,,
1464,6132,,,,,,
1465,6135,,,,,,
1466,6138,,,,,,
1467,6140,,,,,,
1468,6144,,,,,,
1469,6146,,,,,,
1470,6147,,,,,,
1471,6150,,,,,,
1472,6155,,,,,,
1473,6161,,,,,,
1474,6164,,,,,,
1475,6168,,,,,,
1476,6176,,,,,,
1477,6178,,,,,,
1478,6181,,,,,,
1479,6193,,,,,,
1480,6194,,,,,,
1481,6195,,,,,,
1482,6201,,,,,,
1483,6206,,,,,,
1484,6207,,,,,,
1485,6209,,,,,,
1486,6214,,,,,,
1487,6220,,,,,,
1488,6221,,,,,,
1489,6243,,,,,,
1490,6249,,,,,,
1491,6250,,,,,,
1492,6253,,,,,,
1493,6269,,,,,,
1494,6271,,,,,,
1495,6273,,,,,,
1496,6274,,,,,,
1497,6276,,,,,,
1498,6277,,,,,,
1499,6281,,,,,,
1500,6284,,,,,,
1501,6286,,,,,,
1502,6297,,,,,,
1503,6301,,,,,,
1504,6309,,,,,,
1505,6311,,,,,,
1506,6316,,,,,,
1507,6320,,,,,,
1508,6334,,,,,,
1509,6336,,,,,,
1510,6340,,,,,,
1511,6341,,,,,,
1512,6344,,,,,,
1513,6346,,,,,,
1514,6348,,,,,,
1515,6349,,,,,,
1516,6351,,,,,,
1517,6354,,,,,,
1518,6358,,,,,,
1519,6360,,,,,,
1520,6366,,,,,,
1521,6367,,,,,,
1522,6371,,,,,,
1523,6374,,,,,,
1524,6377,,,,,,
1525,6386,,,,,,
1526,6395,,,,,,
1527,6397,,,,,,
1528,6400,,,,,,
1529,6403,,,,,,
1530,6404,,,,,,
1531,6412,,,,,,
1532,6422,,,,,,
1533,6423,,,,,,
1534,6424,,,,,,
1535,6425,,,,,,
1536,6432,,,,,,
1537,6439,,,,,,
1538,6454,,,,,,
1539,6457,,,,,,
1540,6459,,,,,,
1541,6464,,,,,,
1542,6469,,,,,,
1543,6471,,,,,,
1544,6474,,,,,,
1545,6476,,,,,,
1546,6480,,,,,,
1547,6484,,,,,,
1548,6488,,,,,,
1549,6491,,,,,,
1550,6493,,,,,,
1551,6505,,,,,,
1552,6508,,,,,,
1553,6515,,,,,,
1554,6528,,,,,,
1555,6529,,,,,,
1556,6531,,,,,,
1557,6535,,,,,,
1558,6537,,,,,,
1559,6541,,,,,,
1560,6543,,,,,,
1561,6544,,,,,,
1562,6550,,,,,,
1563,6556,,,,,,
1564,6560,,,,,,
1565,6562,,,,,,
1566,6567,,,,,,
1567,6571,,,,,,
1568,6572,,,,,,
1569,6575,,,,,,
1570,6579,,,,,,
1571,6581,,,,,,
1572,6588,,,,,,
1573,6591,,,,,,
1574,6601,,,,,,
1575,6603,,,,,,
1576,6606,,,,,,
1577,6610,,,,,,
1578,6617,,,,,,
1579,6619,,,,,,
1580,6621,,,,,,
1581,6624,,,,,,
1582,6625,,,,,,
1583,6626,,,,,,
1584,6633,,,,,,
1585,6634,,,,,,
1586,6636,,,,,,
1587,6644,,,,,,
1588,6646,,,,,,
1589,6647,,,,,,
1590,6648,,,,,,
1591,6649,,,,,,
1592,6651,,,,,,
1593,6652,,,,,,
1594,6656,,,,,,
1595,6657,,,,,,
1596,6668,,,,,,
1597,6671,,,,,,
1598,6674,,,,,,
1599,6680,,,,,,
1600,6685,,,,,,
1601,6691,,,,,,
1602,6692,,,,,,
1603,6694,,,,,,
1604,6699,,,,,,
1605,6700,,,,,,
1606,6702,,,,,,
1607,6707,,,,,,
1608,6709,,,,,,
1609,6715,,,,,,
1610,6718,,,,,,
1611,6721,,,,,,
1612,6731,,,,,,
1613,6738,,,,,,
1614,6739,,,,,,
1615,6740,,,,,,
1616,6744,,,,,,
1617,6747,,,,,,
1618,6749,,,,,,
1619,6750,,,,,,
1620,6751,,,,,,
1621,6756,,,,,,
1622,6761,,,,,,
1623,6762,,,,,,
1624,6765,,,,,,
1625,6769,,,,,,
1626,6773,,,,,,
1627,6775,,,,,,
1628,6776,,,,,,
1629,6793,,,,,,
1630,6805,,,,,,
1631,6806,,,,,,
1632,6810,,,,,,
1633,6811,,,,,,
1634,6813,,,,,,
1635,6814,,,,,,
1636,6815,,,,,,
1637,6816,,,,,,
1638,6821,,,,,,
1639,6827,,,,,,
1640,6828,,,,,,
1641,6833,,,,,,
1642,6840,,,,,,
1643,6846,,,,,,
1644,6852,,,,,,
1645,6855,,,,,,
1646,6860,,,,,,
1647,6870,,,,,,
1648,6881,,,,,,
1649,6885,,,,,,
1650,6888,,,,,,
1651,6892,,,,,,
1652,6902,,,,,,
1653,6903,,,,,,
1654,6905,,,,,,
1655,6910,,,,,,
1656,6914,,,,,,
1657,6916,,,,,,
1658,6917,,,,,,
1659,6920,,,,,,
1660,6926,,,,,,
1661,6928,,,,,,
1662,6931,,,,,,
1663,6934,,,,,,
1664,6939,,,,,,
1665,6940,,,,,,
1666,6950,,,,,,
1667,6951,,,,,,
1668,6955,,,,,,
1669,6956,,,,,,
1670,6965,,,,,,
1671,6970,,,,,,
1672,6972,,,,,,
1673,6976,,,,,,
1674,6983,,,,,,
1675,6985,,,,,,
1676,6987,,,,,,
1677,6990,,,,,,
1678,6993,,,,,,
1679,6995,,,,,,
1680,6998,,,,,,
1681,7015,,,,,,
1682,7016,,,,,,
1683,7020,,,,,,
1684,7030,,,,,,
1685,7033,,,,,,
1686,7039,,,,,,
1687,7040,,,,,,
1688,7047,,,,,,
1689,7048,,,,,,
1690,7051,,,,,,
1691,7052,,,,,,
1692,7053,,,,,,
1693,7055,,,,,,
1694,7057,,,,,,
1695,7059,,,,,,
1696,7068,,,,,,
1697,7071,,,,,,
1698,7072,,,,,,
1699,7075,,,,,,
1700,7078,,,,,,
1701,7085,,,,,,
1702,7094,,,,,,
1703,7096,,,,,,
1704,7100,,,,,,
1705,7103,,,,,,
1706,7109,,,,,,
1707,7111,,,,,,
1708,7119,,,,,,
1709,7124,,,,,,
1710,7125,,,,,,
1711,7127,,,,,,
1712,7130,,,,,,
1713,7138,,,,,,
1714,7142,,,,,,
1715,7143,,,,,,
1716,7145,,,,,,
1717,7149,,,,,,
1718,7162,,,,,,
1719,7163,,,,,,
1720,7165,,,,,,
1721,7168,,,,,,
1722,7169,,,,,,
1723,7174,,,,,,
1724,7175,,,,,,
1725,7180,,,,,,
1726,7182,,,,,,
1727,7197,,,,,,
1728,7213,,,,,,
1729,7215,,,,,,
1730,7219,,,,,,
1731,7230,,,,,,
1732,7233,,,,,,
1733,7234,,,,,,
1734,7235,,,,,,
1735,7240,,,,,,
1736,7244,,,,,,
1737,7250,,,,,,
1738,7251,,,,,,
1739,7254,,,,,,
1740,7257,,,,,,
1741,7258,,,,,,
1742,7259,,,,,,
1743,7261,,,,,,
1744,7262,,,,,,
1745,7264,,,,,,
1746,7265,,,,,,
1747,7266,,,,,,
1748,7269,,,,,,
1749,7274,,,,,,
1750,7279,,,,,,
1751,7280,,,,,,
1752,7284,,,,,,
1753,7290,,,,,,
1754,7291,,,,,,
1755,7298,,,,,,
1756,7302,,,,,,
1757,7319,,,,,,
1758,7322,,,,,,
1759,7328,,,,,,
1760,7334,,,,,,
1761,7348,,,,,,
1762,7351,,,,,,
1763,7352,,,,,,
1764,7358,,,,,,
1765,7361,,,,,,
1766,7368,,,,,,
1767,7370,,,,,,
1768,7372,,,,,,
1769,7375,,,,,,
1770,7380,,,,,,
1771,7383,,,,,,
1772,7388,,,,,,
1773,7389,,,,,,
1774,7396,,,,,,
1775,7399,,,,,,
1776,7400,,,,,,
1777,7401,,,,,,
1778,7402,,,,,,
1779,7404,,,,,,
1780,7411,,,,,,
1781,7412,,,,,,
1782,7421,,,,,,
1783,7422,,,,,,
1784,7432,,,,,,
1785,7440,,,,,,
1786,7452,,,,,,
1787,7456,,,,,,
1788,7465,,,,,,
1789,7466,,,,,,
1790,7473,,,,,,
1791,7479,,,,,,
1792,7480,,,,,,
1793,7481,,,,,,
1794,7482,,,,,,
1795,7490,,,,,,
1796,7491,,,,,,
1797,7494,,,,,,
1798,7498,,,,,,
1799,7500,,,,,,
1800,7505,,,,,,
1801,7506,,,,,,
1802,7518,,,,,,
1803,7521,,,,,,
1804,7523,,,,,,
1805,7526,,,,,,
1806,7528,,,,,,
1807,7531,,,,,,
1808,7533,,,,,,
1809,7541,,,,,,
1810,7542,,,,,,
1811,7545,,,,,,
1812,7552,,,,,,
1813,7557,,,,,,
1814,7559,,,,,,
1815,7562,,,,,,
1816,7570,,,,,,
1817,7576,,,,,,
1818,7577,,,,,,
1819,7590,,,,,,
1820,7591,,,,,,
1821,7597,,,,,,
1822,7621,,,,,,
1823,7625,,,,,,
1824,7627,,,,,,
1825,7628,,,,,,
1826,7629,,,,,,
1827,7632,,,,,,
1828,7648,,,,,,
1829,7657,,,,,,
1830,7658,,,,,,
1831,7668,,,,,,
1832,7675,,,,,,
1833,7679,,,,,,
1834,7680,,,,,,
1835,7690,,,,,,
1836,7695,,,,,,
1837,7703,,,,,,
1838,7706,,,,,,
1839,7711,,,,,,
1840,7712,,,,,,
1841,7713,,,,,,
1842,7722,,,,,,
1843,7723,,,,,,
1844,7726,,,,,,
1845,7730,,,,,,
1846,7731,,,,,,
1847,7738,,,,,,
1848,7747,,,,,,
1849,7748,,,,,,
1850,7753,,,,,,
1851,7762,,,,,,
1852,7764,,,,,,
1853,7773,,,,,,
1854,7776,,,,,,
1855,7778,,,,,,
1856,7779,,,,,,
1857,7780,,,,,,
1858,7782,,,,,,
1859,7786,,,,,,
1860,7790,,,,,,
1861,7794,,,,,,
1862,7801,,,,,,
1863,7805,,,,,,
1864,7807,,,,,,
1865,7808,,,,,,
1866,7810,,,,,,
1867,7812,,,,,,
1868,7814,,,,,,
1869,7815,,,,,,
1870,7816,,,,,,
1871,7817,,,,,,
1872,7836,,,,,,
1873,7838,,,,,,
1874,7848,,,,,,
1875,7849,,,,,,
1876,7855,,,,,,
1877,7861,,,,,,
1878,7867,,,,,,
1879,7873,,,,,,
1880,7876,,,,,,
1881,7879,,,,,,
1882,7880,,,,,,
1883,7881,,,,,,
1884,7882,,,,,,
1885,7885,,,,,,
1886,7895,,,,,,
1887,7900,,,,,,
1888,7902,,,,,,
1889,7908,,,,,,
1890,7918,,,,,,
1891,7921,,,,,,
1892,7927,,,,,,
1893,7939,,,,,,
1894,7942,,,,,,
1895,7945,,,,,,
1896,7957,,,,,,
1897,7959,,,,,,
1898,7967,,,,,,
1899,7975,,,,,,
1900,7977,,,,,,
1901,7982,,,,,,
1902,7993,,,,,,
1903,7995,,,,,,
1904,7996,,,,,,
1905,7997,,,,,,
1906,7999,,,,,,
1907,8011,,,,,,
1908,8014,,,,,,
1909,8016,,,,,,
1910,8029,,,,,,
1911,8036,,,,,,
1912,8046,,,,,,
1913,8051,,,,,,
1914,8057,,,,,,
1915,8058,,,,,,
1916,8060,,,,,,
1917,8066,,,,,,
1918,8067,,,,,,
1919,8074,,,,,,
1920,8078,,,,,,
1921,8081,,,,,,
1922,8084,,,,,,
1923,8087,,,,,,
1924,8095,,,,,,
1925,8097,,,,,,
1926,8098,,,,,,
1927,8108,,,,,,
1928,8110,,,,,,
1929,8113,,,,,,
1930,8120,,,,,,
1931,8122,,,,,,
1932,8135,,,,,,
1933,8142,,,,,,
1934,8143,,,,,,
1935,8147,,,,,,
1936,8151,,,,,,
1937,8155,,,,,,
1938,8157,,,,,,
1939,8161,,,,,,
1940,8162,,,,,,
1941,8180,,,,,,
1942,8182,,,,,,
1943,8185,,,,,,
1944,8186,,,,,,
1945,8188,,,,,,
1946,8196,,,,,,
1947,8199,,,,,,
1948,8208,,,,,,
1949,8210,,,,,,
1950,8213,,,,,,
1951,8231,,,,,,
1952,8232,,,,,,
1953,8236,,,,,,
1954,8237,,,,,,
1955,8240,,,,,,
1956,8243,,,,,,
1957,8245,,,,,,
1958,8248,,,,,,
1959,8259,,,,,,
1960,8266,,,,,,
1961,8268,,,,,,
1962,8274,,,,,,
1963,8284,,,,,,
1964,8289,,,,,,
1965,8291,,,,,,
1966,8301,,,,,,
1967,8305,,,,,,
1968,8306,,,,,,
1969,8311,,,,,,
1970,8313,,,,,,
1971,8317,,,,,,
1972,8321,,,,,,
1973,8323,,,,,,
1974,8333,,,,,,
1975,8334,,,,,,
1976,8341,,,,,,
1977,8343,,,,,,
1978,8346,,,,,,
1979,8352,,,,,,
1980,8353,,,,,,
1981,8357,,,,,,
1982,8364,,,,,,
1983,8387,,,,,,
1984,8389,,,,,,
1985,8393,,,,,,
1986,8395,,,,,,
1987,8398,,,,,,
1988,8401,,,,,,
1989,8403,,,,,,
1990,8408,,,,,,
1991,8414,,,,,,
1992,8416,,,,,,
1993,8423,,,,,,
1994,8426,,,,,,
1995,8438,,,,,,
1996,8446,,,,,,
1997,8448,,,,,,
1998,8451,,,,,,
1999,8452,,,,,,
2000,8453,,,,,,
2001,8459,,,,,,
2002,8462,,,,,,
2003,8471,,,,,,
2004,8472,,,,,,
2005,8474,,,,,,
2006,8484,,,,,,
2007,8490,,,,,,
2008,8497,,,,,,
2009,8500,,,,,,
2010,8502,,,,,,
2011,8506,,,,,,
2012,8521,,,,,,
2013,8524,,,,,,
2014,8528,,,,,,
2015,8538,,,,,,
2016,8543,,,,,,
2017,8547,,,,,,
2018,8550,,,,,,
2019,8554,,,,,,
2020,8555,,,,,,
2021,8558,,,,,,
2022,8563,,,,,,
2023,8566,,,,,,
2024,8571,,,,,,
2025,8573,,,,,,
2026,8577,,,,,,
2027,8579,,,,,,
2028,8580,,,,,,
2029,8581,,,,,,
2030,8585,,,,,,
2031,8587,,,,,,
2032,8591,,,,,,
2033,8598,,,,,,
2034,8606,,,,,,
2035,8610,,,,,,
2036,8611,,,,,,
2037,8618,,,,,,
2038,8630,,,,,,
2039,8635,,,,,,
2040,8639,,,,,,
2041,8644,,,,,,
2042,8646,,,,,,
2043,8655,,,,,,
2044,8657,,,,,,
2045,8662,,,,,,
2046,8668,,,,,,
2047,8670,,,,,,
2048,8677,,,,,,
2049,8678,,,,,,
2050,8680,,,,,,
2051,8681,,,,,,
2052,8684,,,,,,
2053,8687,,,,,,
2054,8694,,,,,,
2055,8698,,,,,,
2056,8708,,,,,,
2057,8714,,,,,,
2058,8715,,,,,,
2059,8724,,,,,,
2060,8726,,,,,,
2061,8728,,,,,,
2062,8731,,,,,,
2063,8737,,,,,,
2064,8747,,,,,,
2065,8757,,,,,,
2066,8763,,,,,,
2067,8765,,,,,,
2068,8767,,,,,,
2069,8768,,,,,,
2070,8771,,,,,,
2071,8772,,,,,,
2072,8777,,,,,,
2073,8788,,,,,,
2074,8790,,,,,,
2075,8799,,,,,,
2076,8801,,,,,,
2077,8807,,,,,,
2078,8809,,,,,,
2079,8812,,,,,,
2080,8815,,,,,,
2081,8819,,,,,,
2082,8828,,,,,,
2083,8829,,,,,,
2084,8831,,,,,,
2085,8832,,,,,,
2086,8836,,,,,,
2087,8837,,,,,,
2088,8840,,,,,,
2089,8843,,,,,,
2090,8844,,,,,,
2091,8845,,,,,,
2092,8847,,,,,,
2093,8853,,,,,,
2094,8856,,,,,,
2095,8862,,,,,,
2096,8863,,,,,,
2097,8869,,,,,,
2098,8880,,,,,,
2099,8884,,,,,,
2100,8901,,,,,,
2101,8905,,,,,,
2102,8908,,,,,,
2103,8912,,,,,,
2104,8914,,,,,,
2105,8916,,,,,,
2106,8918,,,,,,
2107,8919,,,,,,
2108,8920,,,,,,
2109,8922,,,,,,
2110,8926,,,,,,
2111,8928,,,,,,
2112,8932,,,,,,
2113,8933,,,,,,
2114,8937,,,,,,
2115,8939,,,,,,
2116,8940,,,,,,
2117,8942,,,,,,
2118,8943,,,,,,
2119,8944,,,,,,
2120,8947,,,,,,
2121,8954,,,,,,
2122,8955,,,,,,
2123,8956,,,,,,
2124,8957,,,,,,
2125,8958,,,,,,
2126,8961,,,,,,
2127,8966,,,,,,
2128,8967,,,,,,
2129,8968,,,,,,
2130,8974,,,,,,
2131,8975,,,,,,
2132,8976,,,,,,
2133,8978,,,,,,
2134,8982,,,,,,
2135,8983,,,,,,
2136,8993,,,,,,
2137,9003,,,,,,
2138,9005,,,,,,
2139,9009,,,,,,
2140,9015,,,,,,
2141,9017,,,,,,
2142,9018,,,,,,
2143,9019,,,,,,
2144,9027,,,,,,
2145,9030,,,,,,
2146,9036,,,,,,
2147,9039,,,,,,
2148,9045,,,,,,
2149,9051,,,,,,
2150,9052,,,,,,
2151,9059,,,,,,
2152,9063,,,,,,
2153,9065,,,,,,
2154,9066,,,,,,
2155,9075,,,,,,
2156,9076,,,,,,
2157,9077,,,,,,
2158,9078,,,,,,
2159,9081,,,,,,
2160,9083,,,,,,
2161,9097,,,,,,
2162,9106,,,,,,
2163,9107,,,,,,
2164,9109,,,,,,
2165,9119,,,,,,
2166,9121,,,,,,
2167,9122,,,,,,
2168,9124,,,,,,
2169,9126,,,,,,
2170,9127,,,,,,
2171,9135,,,,,,
2172,9141,,,,,,
2173,9147,,,,,,
2174,9153,,,,,,
2175,9157,,,,,,
2176,9159,,,,,,
2177,9161,,,,,,
2178,9163,,,,,,
2179,9165,,,,,,
2180,9174,,,,,,
2181,9176,,,,,,
2182,9180,,,,,,
2183,9183,,,,,,
2184,9191,,,,,,
2185,9192,,,,,,
2186,9193,,,,,,
2187,9206,,,,,,
2188,9215,,,,,,
2189,9216,,,,,,
2190,9221,,,,,,
2191,9231,,,,,,
2192,9234,,,,,,
2193,9240,,,,,,
2194,9248,,,,,,
2195,9250,,,,,,
2196,9254,,,,,,
2197,9255,,,,,,
2198,9261,,,,,,
2199,9262,,,,,,
2200,9263,,,,,,
2201,9264,,,,,,
2202,9274,,,,,,
2203,9278,,,,,,
2204,9280,,,,,,
2205,9283,,,,,,
2206,9288,,,,,,
2207,9292,,,,,,
2208,9293,,,,,,
2209,9297,,,,,,
2210,9300,,,,,,
2211,9303,,,,,,
2212,9313,,,,,,
2213,9314,,,,,,
2214,9319,,,,,,
2215,9321,,,,,,
2216,9324,,,,,,
2217,9330,,,,,,
2218,9332,,,,,,
2219,9333,,,,,,
2220,9348,,,,,,
2221,9357,,,,,,
2222,9358,,,,,,
2223,9372,,,,,,
2224,9374,,,,,,
2225,9379,,,,,,
2226,9381,,,,,,
2227,9382,,,,,,
2228,9383,,,,,,
2229,9384,,,,,,
2230,9388,,,,,,
2231,9397,,,,,,
2232,9405,,,,,,
2233,9411,,,,,,
2234,9414,,,,,,
2235,9415,,,,,,
2236,9422,,,,,,
2237,9431,,,,,,
2238,9433,,,,,,
2239,9435,,,,,,
2240,9437,,,,,,
2241,9438,,,,,,
2242,9456,,,,,,
2243,9461,,,,,,
2244,9471,,,,,,
2245,9472,,,,,,
2246,9479,,,,,,
2247,9481,,,,,,
2248,9484,,,,,,
2249,9486,,,,,,
2250,9513,,,,,,
2251,9515,,,,,,
2252,9517,,,,,,
2253,9520,,,,,,
2254,9521,,,,,,
2255,9525,,,,,,
2256,9527,,,,,,
2257,9529,,,,,,
2258,9531,,,,,,
2259,9532,,,,,,
2260,9537,,,,,,
2261,9540,,,,,,
2262,9543,,,,,,
2263,9545,,,,,,
2264,9550,,,,,,
2265,9558,,,,,,
2266,9580,,,,,,
2267,9583,,,,,,
2268,9586,,,,,,
2269,9589,,,,,,
2270,9591,,,,,,
2271,9597,,,,,,
2272,9603,,,,,,
2273,9609,,,,,,
2274,9616,,,,,,
2275,9617,,,,,,
2276,9619,,,,,,
2277,9620,,,,,,
2278,9621,,,,,,
2279,9623,,,,,,
2280,9625,,,,,,
2281,9628,,,,,,
2282,9630,,,,,,
2283,9637,,,,,,
2284,9638,,,,,,
2285,9647,,,,,,
2286,9651,,,,,,
2287,9652,,,,,,
2288,9653,,,,,,
2289,9654,,,,,,
2290,9669,,,,,,
2291,9672,,,,,,
2292,9675,,,,,,
2293,9679,,,,,,
2294,9681,,,,,,
2295,9682,,,,,,
2296,9687,,,,,,
2297,9698,,,,,,
2298,9703,,,,,,
2299,9707,,,,,,
2300,9708,,,,,,
2301,9709,,,,,,
2302,9716,,,,,,
2303,9717,,,,,,
2304,9718,,,,,,
2305,9722,,,,,,
2306,9732,,,,,,
2307,9736,,,,,,
2308,9738,,,,,,
2309,9739,,,,,,
2310,9743,,,,,,
2311,9744,,,,,,
2312,9745,,,,,,
2313,9748,,,,,,
2314,9750,,,,,,
2315,9752,,,,,,
2316,9754,,,,,,
2317,9759,,,,,,
2318,9769,,,,,,
2319,9770,,,,,,
2320,9771,,,,,,
2321,9772,,,,,,
2322,9774,,,,,,
2323,9779,,,,,,
2324,9781,,,,,,
2325,9787,,,,,,
2326,9789,,,,,,
2327,9791,,,,,,
2328,9792,,,,,,
2329,9793,,,,,,
2330,9794,,,,,,
2331,9801,,,,,,
2332,9803,,,,,,
2333,9804,,,,,,
2334,9809,,,,,,
2335,9810,,,,,,
2336,9812,,,,,,
2337,9819,,,,,,
2338,9824,,,,,,
2339,9826,,,,,,
2340,9835,,,,,,
2341,9846,,,,,,
2342,9847,,,,,,
2343,9849,,,,,,
2344,9850,,,,,,
2345,9854,,,,,,
2346,9862,,,,,,
2347,9864,,,,,,
2348,9865,,,,,,
2349,9868,,,,,,
2350,9869,,,,,,
2351,9873,,,,,,
2352,9874,,,,,,
2353,9879,,,,,,
2354,9898,,,,,,
2355,9901,,,,,,
2356,9902,,,,,,
2357,9903,,,,,,
2358,9905,,,,,,
2359,9912,,,,,,
2360,9917,,,,,,
2361,9921,,,,,,
2362,9922,,,,,,
2363,9928,,,,,,
2364,9930,,,,,,
2365,9937,,,,,,
2366,9939,,,,,,
2367,9942,,,,,,
2368,9945,,,,,,
2369,9953,,,,,,
2370,9957,,,,,,
2371,9960,,,,,,
2372,9961,,,,,,
2373,9969,,,,,,
2374,9970,,,,,,
2375,9981,,,,,,
2376,9988,,,,,,
2377,9990,,,,,,
2378,9999,,,,,,
2379,10001,,,,,,
2380,10005,,,,,,
2381,10026,,,,,,
2382,10029,,,,,,
2383,10032,,,,,,
2384,10036,,,,,,
2385,10038,,,,,,
2386,10039,,,,,,
2387,10041,,,,,,
2388,10052,,,,,,
2389,10059,,,,,,
2390,10064,,,,,,
2391,10066,,,,,,
2392,10067,,,,,,
2393,10073,,,,,,
2394,10077,,,,,,
2395,10081,,,,,,
2396,10082,,,,,,
2397,10083,,,,,,
2398,10084,,,,,,
2399,10087,,,,,,
2400,10091,,,,,,
2401,10093,,,,,,
2402,10096,,,,,,
2403,10101,,,,,,
2404,10126,,,,,,
2405,10137,,,,,,
2406,10139,,,,,,
2407,10140,,,,,,
2408,10144,,,,,,
2409,10152,,,,,,
2410,10158,,,,,,
2411,10164,,,,,,
2412,10165,,,,,,
2413,10170,,,,,,
2414,10177,,,,,,
2415,10187,,,,,,
2416,10195,,,,,,
2417,10201,,,,,,
2418,10202,,,,,,
2419,10203,,,,,,
2420,10205,,,,,,
2421,10212,,,,,,
2422,10213,,,,,,
2423,10223,,,,,,
2424,10225,,,,,,
2425,10226,,,,,,
2426,10234,,,,,,
2427,10235,,,,,,
2428,10238,,,,,,
2429,10242,,,,,,
2430,10246,,,,,,
2431,10250,,,,,,
2432,10252,,,,,,
2433,10257,,,,,,
2434,10259,,,,,,
2435,10260,,,,,,
2436,10273,,,,,,
2437,10276,,,,,,
2438,10281,,,,,,
2439,10282,,,,,,
2440,10286,,,,,,
2441,10287,,,,,,
2442,10288,,,,,,
2443,10293,,,,,,
2444,10301,,,,,,
2445,10305,,,,,,
2446,10308,,,,,,
2447,10311,,,,,,
2448,10314,,,,,,
2449,10316,,,,,,
2450,10317,,,,,,
2451,10327,,,,,,
2452,10329,,,,,,
2453,10331,,,,,,
2454,10332,,,,,,
2455,10333,,,,,,
2456,10334,,,,,,
2457,10336,,,,,,
2458,10339,,,,,,
2459,10342,,,,,,
2460,10348,,,,,,
2461,10349,,,,,,
2462,10350,,,,,,
2463,10351,,,,,,
2464,10355,,,,,,
2465,10359,,,,,,
2466,10360,,,,,,
2467,10361,,,,,,
2468,10364,,,,,,
2469,10365,,,,,,
2470,10366,,,,,,
2471,10369,,,,,,
2472,10371,,,,,,
2473,10373,,,,,,
2474,10382,,,,,,
2475,10397,,,,,,
2476,10399,,,,,,
2477,10401,,,,,,
2478,10403,,,,,,
2479,10406,,,,,,
2480,10410,,,,,,
2481,10412,,,,,,
2482,10414,,,,,,
2483,10421,,,,,,
2484,10424,,,,,,
2485,10430,,,,,,
2486,10433,,,,,,
2487,10434,,,,,,
2488,10437,,,,,,
2489,10438,,,,,,
2490,10454,,,,,,
2491,10456,,,,,,
2492,10465,,,,,,
2493,10466,,,,,,
2494,10470,,,,,,
2495,10473,,,,,,
2496,10480,,,,,,
2497,10483,,,,,,
2498,10489,,,,,,
2499,10491,,,,,,
2500,10496,,,,,,
2501,10499,,,,,,
2502,10508,,,,,,
2503,10510,,,,,,
2504,10521,,,,,,
2505,10523,,,,,,
2506,10525,,,,,,
2507,10531,,,,,,
2508,10533,,,,,,
2509,10539,,,,,,
2510,10541,,,,,,
2511,10554,,,,,,
2512,10557,,,,,,
2513,10563,,,,,,
2514,10565,,,,,,
2515,10566,,,,,,
2516,10569,,,,,,
2517,10571,,,,,,
2518,10578,,,,,,
2519,10585,,,,,,
2520,10586,,,,,,
2521,10588,,,,,,
2522,10590,,,,,,
2523,10592,,,,,,
2524,10596,,,,,,
2525,10602,,,,,,
2526,10606,,,,,,
2527,10612,,,,,,
2528,10618,,,,,,
2529,10629,,,,,,
2530,10632,,,,,,
2531,10640,,,,,,
2532,10642,,,,,,
2533,10643,,,,,,
2534,10645,,,,,,
2535,10649,,,,,,
2536,10652,,,,,,
2537,10654,,,,,,
2538,10664,,,,,,
2539,10669,,,,,,
2540,10671,,,,,,
2541,10683,,,,,,
2542,10687,,,,,,
2543,10690,,,,,,
2544,10709,,,,,,
2545,10712,,,,,,
2546,10716,,,,,,
2547,10723,,,,,,
2548,10727,,,,,,
2549,10728,,,,,,
2550,10729,,,,,,
2551,10737,,,,,,
2552,10738,,,,,,
2553,10740,,,,,,
2554,10741,,,,,,
2555,10752,,,,,,
2556,10756,,,,,,
2557,10757,,,,,,
2558,10758,,,,,,
2559,10765,,,,,,
2560,10768,,,,,,
2561,10776,,,,,,
2562,10777,,,,,,
2563,10782,,,,,,
2564,10788,,,,,,
2565,10795,,,,,,
2566,10799,,,,,,
2567,10800,,,,,,
2568,10802,,,,,,
2569,10810,,,,,,
2570,10812,,,,,,
2571,10816,,,,,,
2572,10818,,,,,,
2573,10819,,,,,,
2574,10821,,,,,,
2575,10828,,,,,,
2576,10829,,,,,,
2577,10837,,,,,,
2578,10838,,,,,,
2579,10840,,,,,,
2580,10841,,,,,,
2581,10851,,,,,,
2582,10855,,,,,,
2583,10860,,,,,,
2584,10863,,,,,,
2585,10867,,,,,,
2586,10871,,,,,,
2587,10877,,,,,,
2588,10881,,,,,,
2589,10883,,,,,,
2590,10886,,,,,,
2591,10888,,,,,,
2592,10895,,,,,,
2593,10902,,,,,,
2594,10903,,,,,,
2595,10906,,,,,,
2596,10910,,,,,,
2597,10917,,,,,,
2598,10923,,,,,,
2599,10924,,,,,,
2600,10927,,,,,,
2601,10931,,,,,,
2602,10933,,,,,,
2603,10940,,,,,,
2604,10944,,,,,,
2605,10945,,,,,,
2606,10948,,,,,,
2607,10950,,,,,,
2608,10951,,,,,,
2609,10952,,,,,,
2610,10964,,,,,,
2611,10966,,,,,,
2612,10968,,,,,,
2613,10978,,,,,,
2614,10983,,,,,,
2615,10984,,,,,,
2616,10987,,,,,,
2617,10993,,,,,,
2618,10999,,,,,,
2619,11009,,,,,,
2620,11010,,,,,,
2621,11021,,,,,,
2622,11031,,,,,,
2623,11035,,,,,,
2624,11036,,,,,,
2625,11042,,,,,,
2626,11044,,,,,,
2627,11047,,,,,,
2628,11050,,,,,,
2629,11056,,,,,,
2630,11059,,,,,,
2631,11066,,,,,,
2632,11068,,,,,,
2633,11072,,,,,,
2634,11078,,,,,,
2635,11081,,,,,,
2636,11093,,,,,,
2637,11097,,,,,,
2638,11100,,,,,,
2639,11101,,,,,,
2640,11103,,,,,,
2641,11105,,,,,,
2642,11111,,,,,,
2643,11113,,,,,,
2644,11114,,,,,,
2645,11115,,,,,,
2646,11117,,,,,,
2647,11124,,,,,,
2648,11134,,,,,,
2649,11135,,,,,,
2650,11141,,,,,,
2651,11146,,,,,,
2652,11147,,,,,,
2653,11150,,,,,,
2654,11151,,,,,,
2655,11156,,,,,,
2656,11157,,,,,,
2657,11158,,,,,,
2658,11161,,,,,,
2659,11166,,,,,,
2660,11169,,,,,,
2661,11170,,,,,,
2662,11171,,,,,,
2663,11173,,,,,,
2664,11174,,,,,,
2665,11176,,,,,,
2666,11184,,,,,,
2667,11189,,,,,,
2668,11190,,,,,,
2669,11197,,,,,,
2670,11200,,,,,,
2671,11201,,,,,,
2672,11202,,,,,,
2673,11203,,,,,,
2674,11205,,,,,,
2675,11208,,,,,,
2676,11215,,,,,,
2677,11220,,,,,,
2678,11222,,,,,,
2679,11232,,,,,,
2680,11234,,,,,,
2681,11240,,,,,,
2682,11242,,,,,,
2683,11251,,,,,,
2684,11252,,,,,,
2685,11263,,,,,,
2686,11264,,,,,,
2687,11266,,,,,,
2688,11271,,,,,,
2689,11276,,,,,,
2690,11277,,,,,,
2691,11279,,,,,,
2692,11280,,,,,,
2693,11284,,,,,,
2694,11285,,,,,,
2695,11286,,,,,,
2696,11288,,,,,,
2697,11289,,,,,,
2698,11290,,,,,,
2699,11293,,,,,,
2700,11294,,,,,,
2701,11304,,,,,,
2702,11308,,,,,,
2703,11309,,,,,,
2704,11320,,,,,,
2705,11331,,,,,,
2706,11337,,,,,,
2707,11344,,,,,,
2708,11362,,,,,,
2709,11365,,,,,,
2710,11368,,,,,,
2711,11369,,,,,,
2712,11371,,,,,,
2713,11375,,,,,,
2714,11380,,,,,,
2715,11405,,,,,,
2716,11409,,,,,,
2717,11412,,,,,,
2718,11417,,,,,,
2719,11423,,,,,,
2720,11428,,,,,,
2721,11434,,,,,,
2722,11436,,,,,,
2723,11440,,,,,,
2724,11442,,,,,,
2725,11444,,,,,,
2726,11456,,,,,,
2727,11461,,,,,,
2728,11462,,,,,,
2729,11463,,,,,,
2730,11467,,,,,,
2731,11473,,,,,,
2732,11479,,,,,,
2733,11483,,,,,,
2734,11487,,,,,,
2735,11492,,,,,,
2736,11495,,,,,,
2737,11498,,,,,,
2738,11504,,,,,,
2739,11505,,,,,,
2740,11506,,,,,,
2741,11508,,,,,,
2742,11509,,,,,,
2743,11511,,,,,,
2744,11512,,,,,,
2745,11514,,,,,,
2746,11518,,,,,,
2747,11521,,,,,,
2748,11525,,,,,,
2749,11537,,,,,,
2750,11540,,,,,,
2751,11542,,,,,,
2752,11543,,,,,,
2753,11546,,,,,,
2754,11552,,,,,,
2755,11558,,,,,,
2756,11561,,,,,,
2757,11565,,,,,,
2758,11567,,,,,,
2759,11572,,,,,,
2760,11575,,,,,,
2761,11577,,,,,,
2762,11579,,,,,,
2763,11582,,,,,,
2764,11584,,,,,,
2765,11589,,,,,,
2766,11593,,,,,,
2767,11595,,,,,,
2768,11600,,,,,,
2769,11605,,,,,,
2770,11606,,,,,,
2771,11612,,,,,,
2772,11618,,,,,,
2773,11632,,,,,,
2774,11638,,,,,,
2775,11652,,,,,,
2776,11669,,,,,,
2777,11672,,,,,,
2778,11674,,,,,,
2779,11680,,,,,,
2780,11688,,,,,,
2781,11690,,,,,,
2782,11691,,,,,,
2783,11692,,,,,,
2784,11701,,,,,,
2785,11708,,,,,,
2786,11722,,,,,,
2787,11725,,,,,,
2788,11726,,,,,,
2789,11728,,,,,,
2790,11730,,,,,,
2791,11737,,,,,,
2792,11739,,,,,,
2793,11746,,,,,,
2794,11748,,,,,,
2795,11750,,,,,,
2796,11754,,,,,,
2797,11756,,,,,,
2798,11759,,,,,,
2799,11765,,,,,,
2800,11768,,,,,,
2801,11769,,,,,,
2802,11772,,,,,,
2803,11775,,,,,,
2804,11778,,,,,,
2805,11780,,,,,,
2806,11783,,,,,,
2807,11784,,,,,,
2808,11785,,,,,,
2809,11789,,,,,,
2810,11790,,,,,,
2811,11795,,,,,,
2812,11796,,,,,,
2813,11806,,,,,,
2814,11808,,,,,,
2815,11813,,,,,,
2816,11815,,,,,,
2817,11818,,,,,,
2818,11819,,,,,,
2819,11820,,,,,,
2820,11830,,,,,,
2821,11837,,,,,,
2822,11840,,,,,,
2823,11847,,,,,,
2824,11852,,,,,,
2825,11861,,,,,,
2826,11866,,,,,,
2827,11883,,,,,,
2828,11886,,,,,,
2829,11888,,,,,,
2830,11893,,,,,,
2831,11894,,,,,,
2832,11900,,,,,,
2833,11907,,,,,,
2834,11910,,,,,,
2835,11914,,,,,,
2836,11919,,,,,,
2837,11924,,,,,,
2838,11927,,,,,,
2839,11936,,,,,,
2840,11937,,,,,,
2841,11942,,,,,,
2842,11943,,,,,,
2843,11951,,,,,,
2844,11954,,,,,,
2845,11969,,,,,,
2846,11971,,,,,,
2847,11972,,,,,,
2848,11976,,,,,,
2849,11985,,,,,,
2850,12000,,,,,,
2851,12002,,,,,,
2852,12005,,,,,,
2853,12013,,,,,,
2854,12016,,,,,,
2855,12018,,,,,,
2856,12020,,,,,,
2857,12021,,,,,,
2858,12026,,,,,,
2859,12034,,,,,,
2860,12037,,,,,,
2861,12041,,,,,,
2862,12042,,,,,,
2863,12044,,,,,,
2864,12046,,,,,,
2865,12048,,,,,,
2866,12050,,,,,,
2867,12051,,,,,,
2868,12053,,,,,,
2869,12058,,,,,,
2870,12061,,,,,,
2871,12063,,,,,,
2872,12064,,,,,,
2873,12072,,,,,,
2874,12075,,,,,,
2875,12079,,,,,,
2876,12086,,,,,,
2877,12088,,,,,,
2878,12091,,,,,,
2879,12095,,,,,,
2880,12101,,,,,,
2881,12103,,,,,,
2882,12110,,,,,,
2883,12112,,,,,,
2884,12113,,,,,,
2885,12118,,,,,,
2886,12128,,,,,,
2887,12129,,,,,,
2888,12135,,,,,,
2889,12136,,,,,,
2890,12148,,,,,,
2891,12150,,,,,,
2892,12156,,,,,,
2893,12157,,,,,,
2894,12163,,,,,,
2895,12168,,,,,,
2896,12169,,,,,,
2897,12170,,,,,,
2898,12171,,,,,,
2899,12180,,,,,,
2900,12191,,,,,,
2901,12192,,,,,,
2902,12197,,,,,,
2903,12202,,,,,,
2904,12218,,,,,,
2905,12219,,,,,,
2906,12220,,,,,,
2907,12222,,,,,,
2908,12226,,,,,,
2909,12236,,,,,,
2910,12238,,,,,,
2911,12241,,,,,,
2912,12254,,,,,,
2913,12256,,,,,,
2914,12261,,,,,,
2915,12267,,,,,,
2916,12271,,,,,,
2917,12276,,,,,,
2918,12277,,,,,,
2919,12278,,,,,,
2920,12279,,,,,,
2921,12284,,,,,,
2922,12285,,,,,,
2923,12297,,,,,,
2924,12300,,,,,,
2925,12309,,,,,,
2926,12310,,,,,,
2927,12316,,,,,,
2928,12323,,,,,,
2929,12325,,,,,,
2930,12326,,,,,,
2931,12327,,,,,,
2932,12328,,,,,,
2933,12330,,,,,,
2934,12334,,,,,,
2935,12337,,,,,,
2936,12343,,,,,,
